Pages les plus populaires,Clics,Impressions,CTR,Position
https://branthampartners.fr/,49,128,38.28%,2.51
https://branthampartners.fr/modele-offre-reprise-plan-cession.html,35,580,6.03%,7.58
https://branthampartners.fr/rachat-transport-logistique-redressement.html,34,1647,2.06%,9.43
https://branthampartners.fr/droits-salaries-plan-cession.html,22,630,3.49%,5.9
https://branthampartners.fr/cout-rachat-entreprise-liquidation.html,21,699,3%,6.71
https://branthampartners.fr/calendrier-procedure-collective.html,11,256,4.3%,6.21
https://branthampartners.fr/rachat-entreprise-difficulte.html,10,838,1.19%,7.79
https://branthampartners.fr/prepack-cession.html,10,666,1.5%,8.46
https://branthampartners.fr/rachat-entreprise-nice.html,9,477,1.89%,16.12
https://branthampartners.fr/rachat-entreprise-toulouse.html,9,243,3.7%,13.02
https://branthampartners.fr/purge-passif-plan-cession.html,9,161,5.59%,6.63
https://branthampartners.fr/barometre-defaillances.html,8,599,1.34%,6.55
https://branthampartners.fr/valorisation-entreprise-difficulte.html,7,309,2.27%,7.56
https://branthampartners.fr/rachat-entreprise-lyon.html,6,281,2.14%,15.26
https://branthampartners.fr/rachat-entreprise-bordeaux.html,5,328,1.52%,8.1
https://branthampartners.fr/rachat-nettoyage-proprete-redressement.html,5,63,7.94%,7.05
https://branthampartners.fr/liquidation-judiciaire.html,4,564,0.71%,25.26
https://branthampartners.fr/rachat-entreprise-nantes.html,4,176,2.27%,9.19
https://branthampartners.fr/rachat-agroalimentaire-liquidation.html,4,63,6.35%,5.67
https://branthampartners.fr/rachat-textile-mode-liquidation.html,4,58,6.9%,6.34
https://branthampartners.fr/pse-plan-de-sauvegarde-emploi-cession.html,4,48,8.33%,5.44
https://branthampartners.fr/reprise-a-la-barre.html,3,277,1.08%,8.32
https://branthampartners.fr/risques-rachat-entreprise-difficulte.html,3,202,1.49%,6.2
https://branthampartners.fr/rachat-entreprise-marseille.html,3,118,2.54%,12.41
http://branthampartners.fr/,3,5,60%,1.4
https://branthampartners.fr/financement-rachat-entreprise-difficulte.html,2,511,0.39%,7.57
https://branthampartners.fr/comment-savoir-si-une-entreprise-est-en-liquidation.html,2,495,0.4%,11.9
https://branthampartners.fr/procedure-collective.html,2,418,0.48%,15.37
https://branthampartners.fr/bodacc-comment-trouver-entreprises-difficulte.html,2,263,0.76%,8.79
https://branthampartners.fr/plan-de-cession.html,2,252,0.79%,14.32
https://branthampartners.fr/rachat-entreprise-lille.html,2,213,0.94%,7.93
https://branthampartners.fr/rachat-entreprise-paris.html,2,179,1.12%,10.2
https://branthampartners.fr/rachat-entreprise-montpellier.html,2,158,1.27%,10.27
https://branthampartners.fr/rachat-entreprise-strasbourg.html,2,116,1.72%,20.53
https://branthampartners.fr/data-room-entreprise-en-difficulte.html,2,112,1.79%,14.88
https://branthampartners.fr/rachat-entreprise-grenoble.html,2,102,1.96%,9.98
https://branthampartners.fr/difference-sauvegarde-redressement-judiciaire.html,2,99,2.02%,10.11
https://branthampartners.fr/rachat-textile-mode-redressement.html,2,84,2.38%,7.79
https://branthampartners.fr/plan-de-continuation.html,2,54,3.7%,20.94
https://branthampartners.fr/rachat-entreprise-angers.html,2,40,5%,11.03
https://branthampartners.fr/rachat-entreprise-orleans.html,2,36,5.56%,6.78
https://branthampartners.fr/redressement-judiciaire.html,1,834,0.12%,20.27
https://branthampartners.fr/rachat-transport-logistique-redressement.html#introduction,1,384,0.26%,9.57
https://branthampartners.fr/rachat-entreprise-rennes.html,1,366,0.27%,17.23
https://branthampartners.fr/aides-reprise-entreprise-difficulte.html,1,255,0.39%,6.47
https://branthampartners.fr/rachat-entreprise-saint-etienne.html,1,194,0.52%,16.85
https://branthampartners.fr/glossaire-ma.html,1,188,0.53%,11.14
https://branthampartners.fr/periode-dobservation-redressement.html,1,113,0.88%,13.95
https://branthampartners.fr/modele-lettre-dintention-reprise.html,1,108,0.93%,4.43
https://branthampartners.fr/due-diligence-acceleree.html,1,91,1.1%,5.14
https://branthampartners.fr/exoneration-fiscale-reprise-entreprise-difficulte.html,1,76,1.32%,8.71
https://branthampartners.fr/rachat-restauration-hotellerie-liquidation.html,1,61,1.64%,6.54
https://branthampartners.fr/role-administrateur-judiciaire-acquereur.html,1,56,1.79%,22.75
https://branthampartners.fr/rachat-btp-construction-liquidation.html,1,52,1.92%,6.29
https://branthampartners.fr/droits-enregistrement-plan-de-cession.html,1,50,2%,10.9
https://branthampartners.fr/cessation-des-paiements.html,1,41,2.44%,8.49
https://branthampartners.fr/rachat-entreprise-clermont-ferrand.html,1,39,2.56%,12.21
https://branthampartners.fr/rachat-entreprise-dijon.html,1,27,3.7%,9.78
https://branthampartners.fr/rachat-entreprise-toulon.html,1,24,4.17%,11.25
https://branthampartners.fr/quel-prix-payer-entreprise-liquidation.html,1,20,5%,6.75
https://branthampartners.fr/multiples-ebitda-distressed.html,1,15,6.67%,6.2
https://branthampartners.fr/rachat-industrie-manufacturing-liquidation.html,1,13,7.69%,6.62
https://branthampartners.fr/comment-negocier-administrateur-judiciaire.html,1,10,10%,7.1
https://www.branthampartners.fr/equipe.html,1,1,100%,2
https://branthampartners.fr/rachat-transport-logistique-redressement.html#redressement-vs-liquidation,0,385,0%,9.62
https://branthampartners.fr/rachat-transport-logistique-redressement.html#due-diligence,0,310,0%,9.58
https://branthampartners.fr/rachat-transport-logistique-redressement.html#valorisation,0,310,0%,9.64
https://branthampartners.fr/rachat-transport-logistique-redressement.html#actifs-sectoriels,0,291,0%,9.64
https://branthampartners.fr/rachat-transport-logistique-redressement.html#cadre-juridique,0,291,0%,9.64
https://branthampartners.fr/rachat-transport-logistique-redressement.html#offre-cession,0,291,0%,9.64
https://branthampartners.fr/rachat-tech-digital-redressement.html,0,111,0%,6.24
https://branthampartners.fr/plan-de-retournement-entreprise.html,0,108,0%,9.72
https://branthampartners.fr/garantie-actif-passif-entreprise-difficulte.html,0,106,0%,6.58
https://branthampartners.fr/lettre-dintention-reprise-entreprise.html,0,97,0%,15.49
https://branthampartners.fr/rachat-transport-logistique-liquidation.html,0,92,0%,6.76
https://branthampartners.fr/checklist-due-diligence-distressed.html,0,92,0%,7.71
https://branthampartners.fr/modele-offre-reprise-plan-cession.html#contenu,0,67,0%,4.45
https://branthampartners.fr/modele-offre-reprise-plan-cession.html#modele,0,67,0%,4.45
https://branthampartners.fr/modele-offre-reprise-plan-cession.html#erreurs,0,66,0%,4.47
https://branthampartners.fr/article.html,0,61,0%,6.2
https://branthampartners.fr/turn-around-management.html,0,60,0%,12.32
https://branthampartners.fr/rachat-btp-construction-redressement.html,0,47,0%,9.17
https://branthampartners.fr/modele-offre-reprise-plan-cession.html#social,0,45,0%,4.84
https://branthampartners.fr/execution-audience.html,0,45,0%,8.24
https://branthampartners.fr/rachat-tech-digital-liquidation.html,0,43,0%,11.12
https://branthampartners.fr/rachat-entreprise-rouen.html,0,42,0%,10.26
https://branthampartners.fr/sourcing-proprietaire.html,0,38,0%,9.84
https://branthampartners.fr/modele-offre-reprise-plan-cession.html#prix,0,37,0%,4.62
https://branthampartners.fr/rachat-entreprise-le-havre.html,0,37,0%,8.43
https://branthampartners.fr/lbo-distressed.html,0,33,0%,5.94
https://branthampartners.fr/mandat-ad-hoc.html,0,32,0%,30.44
https://branthampartners.fr/calculateur-cout-reprise-entreprise.html,0,29,0%,11.55
https://branthampartners.fr/modele-business-plan-reprise.html,0,28,0%,6.43
https://branthampartners.fr/rachat-restauration-hotellerie-redressement.html,0,28,0%,7.64
https://branthampartners.fr/que-se-passe-t-il-quand-entreprise-liquidation.html,0,28,0%,11.36
https://branthampartners.fr/modele-offre-reprise-plan-cession.html#demarquer,0,27,0%,5.07
https://branthampartners.fr/rachat-industrie-manufacturing-redressement.html,0,26,0%,12.42
https://branthampartners.fr/modele-offre-reprise-plan-cession.html#retournement,0,25,0%,4.8
https://branthampartners.fr/business-plan-reprise-entreprise-difficulte.html,0,24,0%,7.92
https://branthampartners.fr/trouver-entreprise-difficulte-racheter.html,0,23,0%,9.87
https://branthampartners.fr/peut-on-racheter-entreprise-avec-dettes.html,0,19,0%,9.42
https://www.branthampartners.fr/glossaire-ma.html,0,13,0%,7
https://www.branthampartners.fr/rachat-entreprise-nice.html,0,11,0%,8.09
https://branthampartners.fr/comment-fonctionne-audience-adjudication.html,0,10,0%,6.9
https://branthampartners.fr/rachat-commerce-detail-redressement.html,0,10,0%,7.2
https://branthampartners.fr/rachat-commerce-detail-liquidation.html,0,9,0%,8
https://branthampartners.fr/rachat-sante-medical-redressement.html,0,8,0%,4.88
https://branthampartners.fr/sauvegarde-acceleree.html,0,8,0%,11.88
https://www.branthampartners.fr/rachat-entreprise-lille.html,0,7,0%,5
https://branthampartners.fr/equipe.html,0,7,0%,5.14
https://branthampartners.fr/licenciements-plan-de-cession.html,0,7,0%,6.43
https://branthampartners.fr/rachat-entreprise-difficulte.html#definition,0,6,0%,5
https://branthampartners.fr/rachat-entreprise-difficulte.html#plan-cession,0,6,0%,5
https://branthampartners.fr/rachat-entreprise-difficulte.html#procedures,0,6,0%,5
https://branthampartners.fr/insights.html,0,6,0%,5.83
https://branthampartners.fr/conciliation-entreprise-difficulte.html,0,6,0%,9
https://branthampartners.fr/integration-post-reprise.html,0,5,0%,3.2
https://branthampartners.fr/rachat-entreprise-difficulte.html#financement,0,5,0%,4
https://branthampartners.fr/rachat-entreprise-nice.html#financement,0,5,0%,9
https://branthampartners.fr/rachat-entreprise-nice.html#introduction,0,5,0%,9
https://branthampartners.fr/rachat-entreprise-nice.html#tribunal,0,5,0%,9
https://branthampartners.fr/nda-rachat-entreprise.html,0,3,0%,8
https://branthampartners.fr/sauvegarde-judiciaire.html,0,3,0%,10
https://branthampartners.fr/rachat-entreprise-difficulte.html#risques,0,2,0%,10
https://branthampartners.fr/100-jours-post-reprise-entreprise.html,0,1,0%,1
https://branthampartners.fr/rachat-entreprise-metz.html,0,1,0%,4
https://branthampartners.fr/cout-rachat-entreprise-liquidation.html#couts-caches,0,1,0%,9
https://branthampartners.fr/cout-rachat-entreprise-liquidation.html#financement,0,1,0%,9
https://branthampartners.fr/cout-rachat-entreprise-liquidation.html#fourchettes-prix,0,1,0%,9
https://branthampartners.fr/cout-rachat-entreprise-liquidation.html#roi,0,1,0%,9
https://branthampartners.fr/rachat-entreprise-difficulte.html#trouver,0,1,0%,10
https://branthampartners.fr/rachat-entreprise-difficulte.html#valorisation,0,1,0%,10
https://www.branthampartners.fr/rachat-entreprise-toulouse.html,0,1,0%,11